txn_id,type,amount_usd,amount_mxn,rate_applied,rate_reference,timestamp,status,counterparty,client_tier,client_id,break_flag,notes
TXN-1436,SAVINGS_ACCOUNT,1.05,18.07,0.085,0.085,2026-04-11T15:59:30,COMPLETED,Internal — Yield Engine,RETAIL,CLI-4860,,
TXN-1490,SAVINGS_ACCOUNT,0.58,10.03,0.085,0.085,2026-04-11T08:07:55,COMPLETED,Internal — Yield Engine,RETAIL,CLI-7253,,
TXN-1522,SAVINGS_ACCOUNT,0.23,3.96,0.085,0.085,2026-04-11T08:02:54,COMPLETED,Internal — Yield Engine,RETAIL,CLI-5760,,
TXN-1334,CORPORATE_CARD,4661.28,80127.4,17.19,17.19,2026-04-11T08:29:00,COMPLETED,Distribuidora Norte,CORPORATE_T1,CLI-3161,,
TXN-1316,CORPORATE_CARD,1586.41,27270.39,17.19,17.19,2026-04-11T08:53:28,COMPLETED,Empresa XYZ,CORPORATE_T2,CLI-1157,,
TXN-1392,CORPORATE_CARD,1743.7,29974.2,17.19,17.19,2026-04-11T09:01:20,COMPLETED,Holding Omega,CORPORATE_T1,CLI-5602,,
TXN-1179,FX_TRANSFER,1535.56,26394.59,17.1889,17.19,2026-04-11T11:15:13,COMPLETED,HSBC Mexico,CORPORATE_T1,CLI-1797,,
TXN-1278,SWIFT_INTERNATIONAL,7853.3,134998.23,17.19,17.19,2026-04-10T18:00:00,COMPLETED,Banamex,CORPORATE_T1,CLI-6896,,
TXN-1372,CORPORATE_CARD,410.72,7060.28,17.19,17.19,2026-04-11T08:54:33,COMPLETED,Distribuidora Norte,CORPORATE_T2,CLI-8511,,
TXN-1107,FX_TRANSFER,3217.09,55290.52,17.1865,17.19,2026-04-11T08:38:09,COMPLETED,Inbursa,CORPORATE_T2,CLI-2234,,
TXN-1353,CORPORATE_CARD,1687.55,29008.98,17.19,17.19,2026-04-11T13:13:51,COMPLETED,Grupo Delta,CORPORATE_T2,CLI-7401,,
TXN-1492,SAVINGS_ACCOUNT,0.27,4.57,0.085,0.085,2026-04-11T08:26:36,COMPLETED,Internal — Yield Engine,RETAIL,CLI-8496,,
TXN-1511,SAVINGS_ACCOUNT,0.65,11.25,0.085,0.085,2026-04-11T12:09:13,COMPLETED,Internal — Yield Engine,RETAIL,CLI-1152,,
TXN-1331,CORPORATE_CARD,4280.51,73581.97,17.19,17.19,2026-04-11T16:25:13,COMPLETED,Distribuidora Norte,CORPORATE_T1,CLI-9105,,
TXN-1113,FX_TRANSFER,5671.94,97518.23,17.1931,17.19,2026-04-11T14:20:38,COMPLETED,Banorte,CORPORATE_T2,CLI-3471,,
TXN-1211,FX_TRANSFER,661.97,11378.21,17.1884,17.19,2026-04-11T09:43:48,COMPLETED,BBVA Mexico,RETAIL,CLI-7643,,
TXN-1551,SAVINGS_ACCOUNT,0.86,14.71,0.085,0.085,2026-04-11T08:21:22,COMPLETED,Internal — Yield Engine,RETAIL,CLI-5783,,
TXN-1489,SAVINGS_ACCOUNT,0.58,10.0,0.085,0.085,2026-04-11T17:37:37,COMPLETED,Internal — Yield Engine,RETAIL,CLI-2166,,
TXN-1273,SWIFT_INTERNATIONAL,5410.74,93010.62,17.19,17.19,2026-04-10T19:00:00,DISPATCHED,HSBC Mexico,CORPORATE_T2,CLI-7499,,
TXN-1224,FX_TRANSFER,8554.43,147054.07,17.1904,17.19,2026-04-11T06:57:04,COMPLETED,Banorte,RETAIL,CLI-5703,,
TXN-1258,SWIFT_INTERNATIONAL,8090.81,139081.02,17.19,17.19,2026-04-09T17:00:00,DISPATCHED,Banco Santander MX,RETAIL,CLI-9719,,
TXN-1515,SAVINGS_ACCOUNT,0.61,10.44,0.085,0.085,2026-04-11T14:49:16,COMPLETED,Internal — Yield Engine,RETAIL,CLI-9571,,
TXN-1467,SAVINGS_ACCOUNT,0.95,16.3,0.085,0.085,2026-04-11T14:43:13,COMPLETED,Internal — Yield Engine,RETAIL,CLI-5408,,
TXN-1374,CORPORATE_CARD,3041.1,52276.51,17.19,17.19,2026-04-11T06:42:08,COMPLETED,Holding Omega,CORPORATE_T2,CLI-5276,,
TXN-1567,SAVINGS_ACCOUNT,1.01,17.35,0.085,0.085,2026-04-11T07:45:41,COMPLETED,Internal — Yield Engine,RETAIL,CLI-3913,,
TXN-1116,FX_TRANSFER,4684.83,80551.9,17.1942,17.19,2026-04-11T10:49:21,COMPLETED,Scotiabank MX,CORPORATE_T2,CLI-1857,,
TXN-1562,SAVINGS_ACCOUNT,0.61,10.55,0.085,0.085,2026-04-11T10:38:58,COMPLETED,Internal — Yield Engine,RETAIL,CLI-5067,,
TXN-1242,SWIFT_INTERNATIONAL,18522.3,318398.34,17.19,17.19,2026-04-10T00:00:00,COMPLETED,HSBC Mexico,CORPORATE_T2,CLI-4120,,
TXN-1529,SAVINGS_ACCOUNT,0.75,12.91,0.085,0.085,2026-04-11T16:07:08,COMPLETED,Internal — Yield Engine,RETAIL,CLI-1960,,
TXN-1406,SAVINGS_ACCOUNT,0.35,5.97,0.085,0.085,2026-04-11T14:11:24,COMPLETED,Internal — Yield Engine,RETAIL,CLI-6026,,
TXN-1326,CORPORATE_CARD,4821.31,82878.32,17.19,17.19,2026-04-11T16:58:03,COMPLETED,Inmobiliaria Sur,CORPORATE_T1,CLI-3174,,
TXN-1425,SAVINGS_ACCOUNT,0.76,13.1,0.085,0.085,2026-04-11T09:06:03,COMPLETED,Internal — Yield Engine,RETAIL,CLI-7437,,
TXN-1294,SWIFT_INTERNATIONAL,16560.35,284672.42,17.19,17.19,2026-04-09T21:00:00,DISPATCHED,BBVA Mexico,CORPORATE_T2,CLI-5961,,
TXN-1193,FX_TRANSFER,4107.46,70592.86,17.1865,17.19,2026-04-11T15:26:32,COMPLETED,Inbursa,CORPORATE_T2,CLI-8726,,
TXN-1503,SAVINGS_ACCOUNT,0.42,7.19,0.085,0.085,2026-04-11T09:46:33,COMPLETED,Internal — Yield Engine,RETAIL,CLI-9587,,
TXN-1266,SWIFT_INTERNATIONAL,13098.21,225158.23,17.19,17.19,2026-04-10T13:00:00,COMPLETED,Banorte,CORPORATE_T1,CLI-6427,,
TXN-1274,SWIFT_INTERNATIONAL,19409.49,333649.13,17.19,17.19,2026-04-10T03:00:00,COMPLETED,Scotiabank MX,CORPORATE_T1,CLI-8381,,
TXN-1419,SAVINGS_ACCOUNT,0.15,2.66,0.085,0.085,2026-04-11T09:06:04,COMPLETED,Internal — Yield Engine,RETAIL,CLI-6600,,
TXN-1321,CORPORATE_CARD,2822.5,48518.78,17.19,17.19,2026-04-11T23:06:47,COMPLETED,Holding Omega,CORPORATE_T2,CLI-1528,,
TXN-9041,CORPORATE_CARD,314.01,5397.83,17.19,17.19,2026-04-11T09:14:03,COMPLETED,Tech Solutions MX,CORPORATE_T1,CLI-2433,DUPLICATE,Duplicate: same entity/amount/timestamp
TXN-1439,SAVINGS_ACCOUNT,0.25,4.29,0.085,0.085,2026-04-11T16:11:10,COMPLETED,Internal — Yield Engine,RETAIL,CLI-4471,,
TXN-1407,SAVINGS_ACCOUNT,0.83,14.29,0.085,0.085,2026-04-11T09:11:46,COMPLETED,Internal — Yield Engine,RETAIL,CLI-1029,,
TXN-1333,CORPORATE_CARD,4491.94,77216.45,17.19,17.19,2026-04-11T16:02:06,COMPLETED,Servicios Globales,CORPORATE_T1,CLI-3035,,
TXN-1575,SAVINGS_ACCOUNT,0.48,8.18,0.085,0.085,2026-04-11T11:39:55,COMPLETED,Internal — Yield Engine,RETAIL,CLI-4675,,
TXN-1587,SAVINGS_ACCOUNT,0.6,10.33,0.085,0.085,2026-04-11T13:22:04,COMPLETED,Internal — Yield Engine,RETAIL,CLI-6207,,
TXN-1279,SWIFT_INTERNATIONAL,15465.58,265853.32,17.19,17.19,2026-04-10T17:00:00,COMPLETED,Banco Santander MX,RETAIL,CLI-8061,,
TXN-1491,SAVINGS_ACCOUNT,0.64,10.97,0.085,0.085,2026-04-11T10:55:54,COMPLETED,Internal — Yield Engine,RETAIL,CLI-3470,,
TXN-1164,FX_TRANSFER,1941.26,33366.77,17.1882,17.19,2026-04-11T06:29:43,COMPLETED,HSBC Mexico,CORPORATE_T1,CLI-3102,,
TXN-6630,CORPORATE_CARD,-1271.31,-21853.82,17.19,17.19,2026-04-11T13:41:46,COMPLETED,SYSTEM_AUTO,CORPORATE_T2,CLI-2036,UNAUTHORIZED_REVERSAL,No original transaction found. No dispute on record.
TXN-1546,SAVINGS_ACCOUNT,0.92,15.79,0.085,0.085,2026-04-11T16:39:40,COMPLETED,Internal — Yield Engine,RETAIL,CLI-5990,,
TXN-1104b,SPEI,190.9,3281.52,17.19,17.19,2026-04-11T15:22:47,COMPLETED,Servicios Globales,RETAIL,CLI-7249,SPEI_DUPLICATE,Network timeout retry — both instances cleared Banxico settlement
TXN-1488,SAVINGS_ACCOUNT,0.49,8.39,0.085,0.085,2026-04-11T14:29:54,COMPLETED,Internal — Yield Engine,RETAIL,CLI-2929,,
TXN-1177,FX_TRANSFER,11570.89,198949.88,17.194,17.19,2026-04-11T16:59:36,COMPLETED,Scotiabank MX,CORPORATE_T1,CLI-4110,,
TXN-1591,SAVINGS_ACCOUNT,0.41,7.11,0.085,0.085,2026-04-11T20:39:33,COMPLETED,Internal — Yield Engine,RETAIL,CLI-8780,,
TXN-1131,FX_TRANSFER,3778.22,64957.43,17.1926,17.19,2026-04-11T09:57:32,COMPLETED,BBVA Mexico,CORPORATE_T1,CLI-2502,,
TXN-1140,FX_TRANSFER,8140.27,139897.87,17.1859,17.19,2026-04-11T21:04:33,COMPLETED,HSBC Mexico,CORPORATE_T2,CLI-9316,,
TXN-1360,CORPORATE_CARD,2651.75,45583.58,17.19,17.19,2026-04-11T06:54:36,COMPLETED,Grupo Delta,CORPORATE_T2,CLI-3577,,
TXN-1314,CORPORATE_CARD,2064.62,35490.82,17.19,17.19,2026-04-11T14:36:24,COMPLETED,Distribuidora Norte,CORPORATE_T1,CLI-8973,,
TXN-1185,FX_TRANSFER,7428.32,127685.39,17.189,17.19,2026-04-11T05:02:08,COMPLETED,Scotiabank MX,CORPORATE_T1,CLI-8761,,
TXN-1463,SAVINGS_ACCOUNT,0.78,13.43,0.085,0.085,2026-04-11T08:31:38,COMPLETED,Internal — Yield Engine,RETAIL,CLI-8308,,
TXN-1585,SAVINGS_ACCOUNT,0.14,2.42,0.085,0.085,2026-04-11T11:59:09,COMPLETED,Internal — Yield Engine,RETAIL,CLI-1654,,
TXN-1339,CORPORATE_CARD,238.7,4103.25,17.19,17.19,2026-04-11T09:07:55,COMPLETED,Distribuidora Norte,CORPORATE_T1,CLI-8826,,
TXN-1277,SWIFT_INTERNATIONAL,6091.47,104712.37,17.19,17.19,2026-04-09T23:00:00,COMPLETED,Scotiabank MX,CORPORATE_T1,CLI-6188,,
TXN-1308,CORPORATE_CARD,3739.46,64281.32,17.19,17.19,2026-04-11T18:28:37,COMPLETED,Distribuidora Norte,CORPORATE_T2,CLI-1072,,
TXN-1271,SWIFT_INTERNATIONAL,11767.22,202278.51,17.19,17.19,2026-04-09T23:00:00,DISPATCHED,Banorte,CORPORATE_T2,CLI-3292,,
TXN-1460,SAVINGS_ACCOUNT,0.3,5.16,0.085,0.085,2026-04-11T18:12:53,COMPLETED,Internal — Yield Engine,RETAIL,CLI-1944,,
TXN-1322,CORPORATE_CARD,2358.72,40546.4,17.19,17.19,2026-04-11T10:52:05,COMPLETED,Servicios Globales,CORPORATE_T1,CLI-4882,,
TXN-1442,SAVINGS_ACCOUNT,0.44,7.54,0.085,0.085,2026-04-11T15:51:04,COMPLETED,Internal — Yield Engine,RETAIL,CLI-2425,,
TXN-1476,SAVINGS_ACCOUNT,0.95,16.37,0.085,0.085,2026-04-11T09:45:57,COMPLETED,Internal — Yield Engine,RETAIL,CLI-5895,,
TXN-1128,FX_TRANSFER,8300.53,142691.92,17.1907,17.19,2026-04-11T11:49:18,COMPLETED,Inbursa,CORPORATE_T1,CLI-9239,,
TXN-1391,CORPORATE_CARD,3953.2,67955.51,17.19,17.19,2026-04-11T10:34:50,COMPLETED,Servicios Globales,CORPORATE_T2,CLI-9231,,
TXN-1108,FX_TRANSFER,2537.18,43620.97,17.1927,17.19,2026-04-11T12:48:36,COMPLETED,Inbursa,CORPORATE_T2,CLI-8354,,
TXN-1403,SAVINGS_ACCOUNT,0.69,11.88,0.085,0.085,2026-04-11T09:20:08,COMPLETED,Internal — Yield Engine,RETAIL,CLI-3580,,
TXN-1317,CORPORATE_CARD,2526.12,43424.0,17.19,17.19,2026-04-11T08:24:35,COMPLETED,Servicios Globales,CORPORATE_T2,CLI-9056,,
TXN-1432,SAVINGS_ACCOUNT,0.56,9.6,0.085,0.085,2026-04-11T09:29:16,COMPLETED,Internal — Yield Engine,RETAIL,CLI-4706,,
TXN-1448,SAVINGS_ACCOUNT,0.5,8.57,0.085,0.085,2026-04-11T12:38:30,COMPLETED,Internal — Yield Engine,RETAIL,CLI-1613,,
TXN-1560,SAVINGS_ACCOUNT,0.88,15.06,0.085,0.085,2026-04-11T18:44:37,COMPLETED,Internal — Yield Engine,RETAIL,CLI-3845,,
TXN-1264,SWIFT_INTERNATIONAL,19814.43,340610.05,17.19,17.19,2026-04-10T09:00:00,DISPATCHED,Scotiabank MX,RETAIL,CLI-1519,,
TXN-1149,FX_TRANSFER,4724.49,81228.16,17.193,17.19,2026-04-11T09:05:46,COMPLETED,Banorte,RETAIL,CLI-8055,,
TXN-1188,FX_TRANSFER,6133.24,105434.08,17.1906,17.19,2026-04-11T12:01:23,COMPLETED,Banamex,CORPORATE_T2,CLI-2795,,
TXN-1106,FX_TRANSFER,6370.56,109485.08,17.1861,17.19,2026-04-11T12:57:49,COMPLETED,Banamex,CORPORATE_T1,CLI-3419,,
TXN-1215,FX_TRANSFER,8179.54,140603.84,17.1897,17.19,2026-04-11T08:43:32,COMPLETED,Scotiabank MX,CORPORATE_T1,CLI-2923,,
TXN-1306,CORPORATE_CARD,2676.77,46013.68,17.19,17.19,2026-04-11T13:21:35,COMPLETED,Distribuidora Norte,CORPORATE_T2,CLI-4798,,
TXN-1456,SAVINGS_ACCOUNT,0.55,9.53,0.085,0.085,2026-04-11T18:26:47,COMPLETED,Internal — Yield Engine,RETAIL,CLI-8937,,
TXN-1502,SAVINGS_ACCOUNT,0.5,8.58,0.085,0.085,2026-04-11T14:10:04,COMPLETED,Internal — Yield Engine,RETAIL,CLI-1749,,
TXN-1564,SAVINGS_ACCOUNT,0.27,4.58,0.085,0.085,2026-04-11T14:56:47,COMPLETED,Internal — Yield Engine,RETAIL,CLI-9393,,
TXN-1227,FX_TRANSFER,8015.64,137776.83,17.1885,17.19,2026-04-11T08:34:25,COMPLETED,HSBC Mexico,RETAIL,CLI-4648,,
TXN-1112,FX_TRANSFER,7913.66,136073.8,17.1948,17.19,2026-04-11T06:38:32,COMPLETED,Banorte,CORPORATE_T1,CLI-1672,,
TXN-1453,SAVINGS_ACCOUNT,0.93,16.07,0.085,0.085,2026-04-11T17:43:06,COMPLETED,Internal — Yield Engine,RETAIL,CLI-4734,,
TXN-1157,FX_TRANSFER,3370.53,57926.27,17.1861,17.19,2026-04-11T15:31:33,COMPLETED,Banorte,CORPORATE_T2,CLI-2929,,
TXN-1129,FX_TRANSFER,6565.79,112896.79,17.1947,17.19,2026-04-11T16:51:38,COMPLETED,BBVA Mexico,CORPORATE_T1,CLI-1854,,
TXN-1454,SAVINGS_ACCOUNT,0.26,4.52,0.085,0.085,2026-04-11T21:28:49,COMPLETED,Internal — Yield Engine,RETAIL,CLI-6257,,
TXN-1371,CORPORATE_CARD,2743.11,47154.06,17.19,17.19,2026-04-11T08:31:03,COMPLETED,Grupo Delta,CORPORATE_T2,CLI-2524,,
TXN-1571,SAVINGS_ACCOUNT,0.9,15.51,0.085,0.085,2026-04-11T13:01:24,COMPLETED,Internal — Yield Engine,RETAIL,CLI-3381,,
TXN-1412,SAVINGS_ACCOUNT,0.91,15.72,0.085,0.085,2026-04-11T15:46:56,COMPLETED,Internal — Yield Engine,RETAIL,CLI-6500,,
TXN-1190,FX_TRANSFER,7364.46,126578.13,17.1877,17.19,2026-04-11T14:49:37,COMPLETED,HSBC Mexico,RETAIL,CLI-1841,,
TXN-1144,FX_TRANSFER,11779.42,202485.87,17.1898,17.19,2026-04-11T08:08:04,COMPLETED,Scotiabank MX,CORPORATE_T1,CLI-1605,,
TXN-1582,SAVINGS_ACCOUNT,0.41,7.12,0.085,0.085,2026-04-11T08:43:04,COMPLETED,Internal — Yield Engine,RETAIL,CLI-4063,,
TXN-1369,CORPORATE_CARD,230.61,3964.19,17.19,17.19,2026-04-11T10:14:34,COMPLETED,Tech Solutions MX,CORPORATE_T1,CLI-6488,,
TXN-1335,CORPORATE_CARD,4434.31,76225.79,17.19,17.19,2026-04-11T09:55:59,COMPLETED,Inmobiliaria Sur,CORPORATE_T1,CLI-6905,,
TXN-1320,CORPORATE_CARD,2838.69,48797.08,17.19,17.19,2026-04-11T07:07:17,COMPLETED,Tech Solutions MX,CORPORATE_T1,CLI-8231,,
TXN-1202,FX_TRANSFER,2078.64,35734.32,17.1912,17.19,2026-04-11T14:15:03,COMPLETED,Scotiabank MX,CORPORATE_T2,CLI-4697,,
TXN-1206,FX_TRANSFER,6654.25,114401.2,17.1922,17.19,2026-04-11T19:58:58,COMPLETED,BBVA Mexico,CORPORATE_T1,CLI-3880,,
TXN-1147,FX_TRANSFER,10414.59,178979.94,17.1855,17.19,2026-04-11T14:17:07,COMPLETED,Inbursa,CORPORATE_T1,CLI-8159,,
TXN-1122,FX_TRANSFER,6347.62,109085.12,17.1852,17.19,2026-04-11T09:13:21,COMPLETED,Inbursa,CORPORATE_T1,CLI-4145,,
TXN-1161,FX_TRANSFER,9627.51,165497.86,17.1901,17.19,2026-04-11T07:12:50,COMPLETED,BBVA Mexico,RETAIL,CLI-9094,,
TXN-1593,SAVINGS_ACCOUNT,0.77,13.23,0.085,0.085,2026-04-11T11:57:41,COMPLETED,Internal — Yield Engine,RETAIL,CLI-4994,,
TXN-1462,SAVINGS_ACCOUNT,0.39,6.79,0.085,0.085,2026-04-11T17:32:25,COMPLETED,Internal — Yield Engine,RETAIL,CLI-3029,,
TXN-1170,FX_TRANSFER,10189.1,175156.74,17.1906,17.19,2026-04-11T17:01:05,COMPLETED,Banco Santander MX,CORPORATE_T2,CLI-5336,,
TXN-1338,CORPORATE_CARD,205.21,3527.56,17.19,17.19,2026-04-11T12:08:37,COMPLETED,Holding Omega,CORPORATE_T2,CLI-1152,,
TXN-1126,FX_TRANSFER,1002.46,17230.88,17.1886,17.19,2026-04-11T15:28:39,COMPLETED,Banamex,CORPORATE_T2,CLI-8355,,
TXN-1329,CORPORATE_CARD,2133.68,36677.96,17.19,17.19,2026-04-11T15:44:59,COMPLETED,Tech Solutions MX,CORPORATE_T2,CLI-8996,,
TXN-1523,SAVINGS_ACCOUNT,0.48,8.2,0.085,0.085,2026-04-11T15:27:47,COMPLETED,Internal — Yield Engine,RETAIL,CLI-2898,,
TXN-1305,CORPORATE_CARD,4088.89,70288.02,17.19,17.19,2026-04-11T07:54:21,COMPLETED,Corporativo ABC,CORPORATE_T1,CLI-4996,,
TXN-1536,SAVINGS_ACCOUNT,0.63,10.79,0.085,0.085,2026-04-11T15:39:06,COMPLETED,Internal — Yield Engine,RETAIL,CLI-8091,,
TXN-1498,SAVINGS_ACCOUNT,1.05,18.06,0.085,0.085,2026-04-11T10:02:34,COMPLETED,Internal — Yield Engine,RETAIL,CLI-4267,,
TXN-1304,CORPORATE_CARD,668.59,11493.06,17.19,17.19,2026-04-11T15:28:20,COMPLETED,Corporativo ABC,CORPORATE_T2,CLI-1732,,
TXN-1367,CORPORATE_CARD,2854.84,49074.7,17.19,17.19,2026-04-11T00:12:18,COMPLETED,Inmobiliaria Sur,CORPORATE_T1,CLI-8600,,
TXN-1225,FX_TRANSFER,5201.97,89435.91,17.1927,17.19,2026-04-11T16:46:41,COMPLETED,Banorte,CORPORATE_T1,CLI-7266,,
TXN-1514,SAVINGS_ACCOUNT,0.62,10.67,0.085,0.085,2026-04-11T14:18:07,COMPLETED,Internal — Yield Engine,RETAIL,CLI-2741,,
TXN-1517,SAVINGS_ACCOUNT,0.17,2.97,0.085,0.085,2026-04-11T12:13:44,COMPLETED,Internal — Yield Engine,RETAIL,CLI-8875,,
TXN-1267,SWIFT_INTERNATIONAL,11751.28,202004.5,17.19,17.19,2026-04-10T17:00:00,COMPLETED,BBVA Mexico,RETAIL,CLI-8790,,
TXN-1344,CORPORATE_CARD,4503.65,77417.74,17.19,17.19,2026-04-11T07:07:37,COMPLETED,Distribuidora Norte,CORPORATE_T2,CLI-8035,,
TXN-1416,SAVINGS_ACCOUNT,0.6,10.37,0.085,0.085,2026-04-11T10:34:24,COMPLETED,Internal — Yield Engine,RETAIL,CLI-2661,,
TXN-1183,FX_TRANSFER,6298.94,108295.16,17.1926,17.19,2026-04-11T09:39:43,COMPLETED,HSBC Mexico,RETAIL,CLI-3108,,
TXN-1154,FX_TRANSFER,10259.7,176382.71,17.1918,17.19,2026-04-11T11:08:04,COMPLETED,BBVA Mexico,CORPORATE_T2,CLI-7001,,
TXN-1119,FX_TRANSFER,7201.5,123767.86,17.1864,17.19,2026-04-11T10:41:44,COMPLETED,Scotiabank MX,CORPORATE_T1,CLI-3112,,
TXN-1387,CORPORATE_CARD,2037.1,35017.75,17.19,17.19,2026-04-11T11:22:13,COMPLETED,Grupo Delta,CORPORATE_T2,CLI-5585,,
TXN-1538,SAVINGS_ACCOUNT,0.28,4.75,0.085,0.085,2026-04-11T17:57:39,COMPLETED,Internal — Yield Engine,RETAIL,CLI-1894,,
TXN-1556,SAVINGS_ACCOUNT,0.24,4.09,0.085,0.085,2026-04-11T10:59:40,COMPLETED,Internal — Yield Engine,RETAIL,CLI-3018,,
TXN-1368,CORPORATE_CARD,1967.71,33824.93,17.19,17.19,2026-04-11T21:49:49,COMPLETED,Holding Omega,CORPORATE_T1,CLI-3466,,
TXN-1395,CORPORATE_CARD,1903.06,32713.6,17.19,17.19,2026-04-11T17:54:11,COMPLETED,Grupo Delta,CORPORATE_T1,CLI-6210,,
TXN-1290,SWIFT_INTERNATIONAL,10101.19,173639.46,17.19,17.19,2026-04-10T12:00:00,DISPATCHED,Banamex,CORPORATE_T1,CLI-9044,,
TXN-1237,SWIFT_INTERNATIONAL,19473.51,334749.64,17.19,17.19,2026-04-09T23:00:00,DISPATCHED,Scotiabank MX,CORPORATE_T1,CLI-7688,,
TXN-1272,SWIFT_INTERNATIONAL,16019.46,275374.52,17.19,17.19,2026-04-10T18:00:00,DISPATCHED,Banco Santander MX,RETAIL,CLI-8161,,
TXN-1270,SWIFT_INTERNATIONAL,15292.83,262883.75,17.19,17.19,2026-04-09T22:00:00,COMPLETED,Banamex,RETAIL,CLI-4939,,
TXN-1577,SAVINGS_ACCOUNT,0.79,13.62,0.085,0.085,2026-04-11T05:24:24,COMPLETED,Internal — Yield Engine,RETAIL,CLI-7825,,
TXN-1350,CORPORATE_CARD,3478.12,59788.88,17.19,17.19,2026-04-11T16:49:04,COMPLETED,Empresa XYZ,CORPORATE_T1,CLI-1225,,
TXN-1101,FX_TRANSFER,6253.02,107510.05,17.1933,17.19,2026-04-11T16:04:25,COMPLETED,Inbursa,CORPORATE_T2,CLI-1693,,
TXN-1148,FX_TRANSFER,10729.09,184458.81,17.1924,17.19,2026-04-11T18:24:21,COMPLETED,BBVA Mexico,CORPORATE_T1,CLI-9151,,
TXN-1388,CORPORATE_CARD,2340.85,40239.21,17.19,17.19,2026-04-11T07:39:39,COMPLETED,Holding Omega,CORPORATE_T2,CLI-9173,,
TXN-1204,FX_TRANSFER,559.59,9619.63,17.1905,17.19,2026-04-11T19:26:41,COMPLETED,Banorte,CORPORATE_T1,CLI-4267,,
TXN-1239,SWIFT_INTERNATIONAL,5578.4,95892.7,17.19,17.19,2026-04-10T09:00:00,DISPATCHED,Inbursa,CORPORATE_T2,CLI-3365,,
TXN-1493,SAVINGS_ACCOUNT,0.27,4.66,0.085,0.085,2026-04-11T17:11:49,COMPLETED,Internal — Yield Engine,RETAIL,CLI-2324,,
TXN-1318,CORPORATE_CARD,2195.03,37732.57,17.19,17.19,2026-04-11T17:31:10,COMPLETED,Corporativo ABC,CORPORATE_T1,CLI-4613,,
TXN-1159,FX_TRANSFER,1910.33,32845.26,17.1935,17.19,2026-04-11T11:57:45,COMPLETED,Banorte,RETAIL,CLI-6236,,
TXN-1354,CORPORATE_CARD,3014.9,51826.13,17.19,17.19,2026-04-11T16:41:43,COMPLETED,Corporativo ABC,CORPORATE_T2,CLI-8167,,
TXN-1516,SAVINGS_ACCOUNT,1.06,18.19,0.085,0.085,2026-04-11T10:26:18,COMPLETED,Internal — Yield Engine,RETAIL,CLI-3627,,
TXN-1400,SAVINGS_ACCOUNT,1.01,17.31,0.085,0.085,2026-04-11T17:20:03,COMPLETED,Internal — Yield Engine,RETAIL,CLI-1359,,
TXN-1394,CORPORATE_CARD,1389.71,23889.11,17.19,17.19,2026-04-11T08:34:52,COMPLETED,Empresa XYZ,CORPORATE_T1,CLI-7363,,
TXN-1125,FX_TRANSFER,7368.33,126635.8,17.1865,17.19,2026-04-11T08:44:49,COMPLETED,HSBC Mexico,RETAIL,CLI-8170,,
TXN-1247,SWIFT_INTERNATIONAL,8536.01,146734.01,17.19,17.19,2026-04-10T08:00:00,DISPATCHED,Inbursa,CORPORATE_T1,CLI-7236,,
TXN-1250,SWIFT_INTERNATIONAL,15470.95,265945.63,17.19,17.19,2026-04-10T03:00:00,COMPLETED,Banamex,CORPORATE_T1,CLI-7781,,
TXN-1496,SAVINGS_ACCOUNT,0.68,11.72,0.085,0.085,2026-04-11T08:50:48,COMPLETED,Internal — Yield Engine,RETAIL,CLI-2442,,
TXN-1197,FX_TRANSFER,2711.04,46596.0,17.1875,17.19,2026-04-11T13:14:19,COMPLETED,Inbursa,CORPORATE_T1,CLI-4396,,
TXN-1599,SAVINGS_ACCOUNT,0.64,11.02,0.085,0.085,2026-04-11T14:13:42,COMPLETED,Internal — Yield Engine,RETAIL,CLI-4492,,
TXN-1573,SAVINGS_ACCOUNT,1.07,18.36,0.085,0.085,2026-04-11T15:09:53,COMPLETED,Internal — Yield Engine,RETAIL,CLI-2016,,
TXN-1209,FX_TRANSFER,11874.64,204129.81,17.1904,17.19,2026-04-11T12:08:54,COMPLETED,HSBC Mexico,CORPORATE_T1,CLI-5470,,
TXN-1408,SAVINGS_ACCOUNT,1.04,17.8,0.085,0.085,2026-04-11T20:25:54,COMPLETED,Internal — Yield Engine,RETAIL,CLI-1530,,
TXN-1355,CORPORATE_CARD,3703.8,63668.32,17.19,17.19,2026-04-11T17:03:15,COMPLETED,Corporativo ABC,CORPORATE_T2,CLI-2900,,
TXN-1545,SAVINGS_ACCOUNT,0.23,4.0,0.085,0.085,2026-04-11T10:35:35,COMPLETED,Internal — Yield Engine,RETAIL,CLI-1002,,
TXN-1281,SWIFT_INTERNATIONAL,7724.37,132781.92,17.19,17.19,2026-04-10T18:00:00,DISPATCHED,Inbursa,CORPORATE_T1,CLI-1202,,
TXN-1533,SAVINGS_ACCOUNT,0.59,10.2,0.085,0.085,2026-04-11T12:56:26,COMPLETED,Internal — Yield Engine,RETAIL,CLI-8220,,
TXN-1210,FX_TRANSFER,2717.33,46700.31,17.1861,17.19,2026-04-11T08:29:41,COMPLETED,Banamex,CORPORATE_T2,CLI-4050,,
TXN-4821,FX_TRANSFER,10446.93,180000.6,17.23,17.19,2026-04-11T11:06:13,COMPLETED,HSBC Mexico,CORPORATE_T2,CLI-8130,FX_RATE,Rate delta: 0.04
TXN-1238,SWIFT_INTERNATIONAL,3835.13,65925.88,17.19,17.19,2026-04-09T23:00:00,COMPLETED,Inbursa,CORPORATE_T2,CLI-8758,,
TXN-1254,SWIFT_INTERNATIONAL,9755.75,167701.34,17.19,17.19,2026-04-10T01:00:00,COMPLETED,BBVA Mexico,CORPORATE_T2,CLI-9954,,
TXN-1288,SWIFT_INTERNATIONAL,16990.65,292069.27,17.19,17.19,2026-04-09T23:00:00,DISPATCHED,Banorte,CORPORATE_T1,CLI-8055,,
TXN-1377,CORPORATE_CARD,989.0,17000.91,17.19,17.19,2026-04-11T11:26:07,COMPLETED,Tech Solutions MX,CORPORATE_T1,CLI-8404,,
TXN-1398,CORPORATE_CARD,2554.09,43904.81,17.19,17.19,2026-04-11T06:14:38,COMPLETED,Holding Omega,CORPORATE_T1,CLI-9625,,
TXN-1130,FX_TRANSFER,7873.56,135375.63,17.1937,17.19,2026-04-11T13:06:45,COMPLETED,Inbursa,CORPORATE_T2,CLI-3042,,
TXN-1569,SAVINGS_ACCOUNT,0.86,14.73,0.085,0.085,2026-04-11T13:37:36,COMPLETED,Internal — Yield Engine,RETAIL,CLI-7839,,
TXN-1236,SWIFT_INTERNATIONAL,2158.2,37099.46,17.19,17.19,2026-04-10T12:00:00,DISPATCHED,HSBC Mexico,CORPORATE_T1,CLI-1768,,
TXN-1457,SAVINGS_ACCOUNT,0.86,14.71,0.085,0.085,2026-04-11T17:52:03,COMPLETED,Internal — Yield Engine,RETAIL,CLI-9442,,
TXN-1309,CORPORATE_CARD,3582.73,61587.13,17.19,17.19,2026-04-11T08:48:45,COMPLETED,Corporativo ABC,CORPORATE_T1,CLI-9796,,
TXN-1257,SWIFT_INTERNATIONAL,2291.39,39388.99,17.19,17.19,2026-04-10T14:00:00,COMPLETED,BBVA Mexico,CORPORATE_T2,CLI-8471,,
TXN-1221,FX_TRANSFER,8744.56,150318.11,17.1899,17.19,2026-04-11T18:28:51,COMPLETED,Banco Santander MX,CORPORATE_T1,CLI-3161,,
TXN-1145,FX_TRANSFER,3874.59,66586.38,17.1854,17.19,2026-04-11T08:02:20,COMPLETED,Banamex,CORPORATE_T2,CLI-7524,,
TXN-1124,FX_TRANSFER,10103.88,173724.09,17.1938,17.19,2026-04-11T05:21:56,COMPLETED,Inbursa,CORPORATE_T2,CLI-3147,,
TXN-1315,CORPORATE_CARD,3250.41,55874.55,17.19,17.19,2026-04-11T15:41:59,COMPLETED,Grupo Delta,CORPORATE_T1,CLI-9022,,
TXN-1458,SAVINGS_ACCOUNT,0.89,15.23,0.085,0.085,2026-04-11T06:45:32,COMPLETED,Internal — Yield Engine,RETAIL,CLI-7609,,
TXN-1557,SAVINGS_ACCOUNT,0.87,14.92,0.085,0.085,2026-04-11T11:42:37,COMPLETED,Internal — Yield Engine,RETAIL,CLI-9260,,
TXN-5519,SAVINGS_ACCOUNT,0.67,11.56,0.085,0.085,2026-04-11T08:16:26,COMPLETED,Internal — Yield Engine,RETAIL,CLI-7357,INTEREST_MISMATCH,"Expected 11.7 MXN, credited 11.56 MXN"
TXN-1541,SAVINGS_ACCOUNT,0.44,7.56,0.085,0.085,2026-04-11T09:17:03,COMPLETED,Internal — Yield Engine,RETAIL,CLI-9305,,
TXN-1580,SAVINGS_ACCOUNT,0.92,15.86,0.085,0.085,2026-04-11T18:45:45,COMPLETED,Internal — Yield Engine,RETAIL,CLI-7025,,
TXN-1512,SAVINGS_ACCOUNT,0.42,7.24,0.085,0.085,2026-04-11T15:42:33,COMPLETED,Internal — Yield Engine,RETAIL,CLI-5423,,
TXN-1324,CORPORATE_CARD,3967.28,68197.54,17.19,17.19,2026-04-11T16:51:03,COMPLETED,Tech Solutions MX,CORPORATE_T2,CLI-9827,,
TXN-1586,SAVINGS_ACCOUNT,0.28,4.83,0.085,0.085,2026-04-11T09:03:49,COMPLETED,Internal — Yield Engine,RETAIL,CLI-5934,,
TXN-1133,FX_TRANSFER,5059.22,86961.41,17.1887,17.19,2026-04-11T10:05:23,COMPLETED,BBVA Mexico,RETAIL,CLI-6221,,
TXN-1198,FX_TRANSFER,8437.76,145044.25,17.1899,17.19,2026-04-11T12:35:59,COMPLETED,Inbursa,CORPORATE_T2,CLI-5480,,
TXN-1196,FX_TRANSFER,4574.3,78644.57,17.1927,17.19,2026-04-11T15:41:51,COMPLETED,Scotiabank MX,CORPORATE_T1,CLI-8932,,
TXN-1485,SAVINGS_ACCOUNT,0.58,10.0,0.085,0.085,2026-04-11T15:46:51,COMPLETED,Internal — Yield Engine,RETAIL,CLI-3999,,
TXN-1117,FX_TRANSFER,9576.11,164627.7,17.1915,17.19,2026-04-11T06:06:35,COMPLETED,Scotiabank MX,CORPORATE_T1,CLI-5655,,
TXN-1595,SAVINGS_ACCOUNT,0.5,8.62,0.085,0.085,2026-04-11T13:18:01,COMPLETED,Internal — Yield Engine,RETAIL,CLI-9468,,
TXN-1581,SAVINGS_ACCOUNT,0.85,14.64,0.085,0.085,2026-04-11T13:38:12,COMPLETED,Internal — Yield Engine,RETAIL,CLI-4170,,
TXN-1216,FX_TRANSFER,7845.18,134893.16,17.1944,17.19,2026-04-11T10:14:14,COMPLETED,BBVA Mexico,CORPORATE_T1,CLI-3509,,
TXN-1187,FX_TRANSFER,5018.98,86282.29,17.1912,17.19,2026-04-11T17:37:21,COMPLETED,HSBC Mexico,CORPORATE_T2,CLI-9721,,
TXN-1275,SWIFT_INTERNATIONAL,10321.47,177426.07,17.19,17.19,2026-04-10T01:00:00,DISPATCHED,Banorte,RETAIL,CLI-7227,,
TXN-1548,SAVINGS_ACCOUNT,1.04,17.82,0.085,0.085,2026-04-11T10:03:52,COMPLETED,Internal — Yield Engine,RETAIL,CLI-4652,,
TXN-1499,SAVINGS_ACCOUNT,0.83,14.24,0.085,0.085,2026-04-11T20:57:20,COMPLETED,Internal — Yield Engine,RETAIL,CLI-9700,,
TXN-1167,FX_TRANSFER,11249.49,193348.36,17.1873,17.19,2026-04-11T19:33:57,COMPLETED,Banamex,RETAIL,CLI-5105,,
TXN-7203,SWIFT_INTERNATIONAL,13284.66,228363.31,17.19,17.19,2026-04-08T20:00:00,PENDING,Scotiabank MX,CORPORATE_T2,CLI-3519,MISSING_COUNTERPARTY,No confirmation after 52h
TXN-1504,SAVINGS_ACCOUNT,0.46,7.84,0.085,0.085,2026-04-11T18:08:21,COMPLETED,Internal — Yield Engine,RETAIL,CLI-9031,,
TXN-1259,SWIFT_INTERNATIONAL,11481.23,197362.34,17.19,17.19,2026-04-10T23:00:00,COMPLETED,HSBC Mexico,CORPORATE_T2,CLI-5501,,
TXN-1505,SAVINGS_ACCOUNT,0.48,8.19,0.085,0.085,2026-04-11T08:58:58,COMPLETED,Internal — Yield Engine,RETAIL,CLI-7609,,
TXN-9042,CORPORATE_CARD,551.59,9481.83,17.19,17.19,2026-04-11T09:14:03,COMPLETED,Grupo Delta,CORPORATE_T2,CLI-2154,DUPLICATE,Duplicate: same entity/amount/timestamp
TXN-1249,SWIFT_INTERNATIONAL,17773.43,305525.26,17.19,17.19,2026-04-09T18:00:00,COMPLETED,Inbursa,CORPORATE_T2,CLI-8692,,
TXN-1468,SAVINGS_ACCOUNT,0.75,12.95,0.085,0.085,2026-04-11T13:55:49,COMPLETED,Internal — Yield Engine,RETAIL,CLI-1145,,
TXN-1136,FX_TRANSFER,10917.36,187617.02,17.1852,17.19,2026-04-11T08:09:35,COMPLETED,Scotiabank MX,CORPORATE_T2,CLI-9647,,
TXN-1327,CORPORATE_CARD,1398.45,24039.36,17.19,17.19,2026-04-11T15:53:15,COMPLETED,Distribuidora Norte,CORPORATE_T2,CLI-3329,,
TXN-1506,SAVINGS_ACCOUNT,0.15,2.64,0.085,0.085,2026-04-11T08:08:13,COMPLETED,Internal — Yield Engine,RETAIL,CLI-1359,,
TXN-1156,FX_TRANSFER,5605.3,96331.56,17.1858,17.19,2026-04-11T07:23:25,COMPLETED,Banamex,CORPORATE_T2,CLI-5566,,
TXN-1559,SAVINGS_ACCOUNT,0.66,11.35,0.085,0.085,2026-04-11T11:37:30,COMPLETED,Internal — Yield Engine,RETAIL,CLI-9328,,
TXN-1223,FX_TRANSFER,5053.41,86884.29,17.1932,17.19,2026-04-11T15:37:04,COMPLETED,Banco Santander MX,CORPORATE_T1,CLI-6644,,
TXN-1513,SAVINGS_ACCOUNT,0.73,12.48,0.085,0.085,2026-04-11T15:26:53,COMPLETED,Internal — Yield Engine,RETAIL,CLI-2718,,
TXN-2290,SWIFT_INTERNATIONAL,14640.24,251665.73,17.19,17.19,2026-04-11T14:58:00,PENDING,Banco Santander MX,CORPORATE_T1,CLI-5748,SETTLEMENT_TIMEOUT,Dispatched 14:58h — settlement window closed at 15:00h
TXN-1480,SAVINGS_ACCOUNT,0.38,6.56,0.085,0.085,2026-04-11T11:24:47,COMPLETED,Internal — Yield Engine,RETAIL,CLI-1578,,
TXN-1470,SAVINGS_ACCOUNT,0.35,5.98,0.085,0.085,2026-04-11T14:19:45,COMPLETED,Internal — Yield Engine,RETAIL,CLI-5511,,
TXN-1563,SAVINGS_ACCOUNT,0.39,6.79,0.085,0.085,2026-04-11T20:18:28,COMPLETED,Internal — Yield Engine,RETAIL,CLI-3185,,
TXN-1570,SAVINGS_ACCOUNT,0.77,13.32,0.085,0.085,2026-04-11T18:34:18,COMPLETED,Internal — Yield Engine,RETAIL,CLI-7920,,
TXN-1310,CORPORATE_CARD,1097.41,18864.48,17.19,17.19,2026-04-11T09:29:07,COMPLETED,Inmobiliaria Sur,CORPORATE_T2,CLI-9646,,
TXN-1358,CORPORATE_CARD,1984.97,34121.63,17.19,17.19,2026-04-11T15:55:17,COMPLETED,Corporativo ABC,CORPORATE_T1,CLI-6488,,
TXN-1429,SAVINGS_ACCOUNT,1.06,18.26,0.085,0.085,2026-04-11T12:07:19,COMPLETED,Internal — Yield Engine,RETAIL,CLI-7512,,
TXN-1450,SAVINGS_ACCOUNT,0.17,2.96,0.085,0.085,2026-04-11T18:21:44,COMPLETED,Internal — Yield Engine,RETAIL,CLI-4892,,
TXN-1104,FX_TRANSFER,10068.3,173116.36,17.1942,17.19,2026-04-11T06:54:06,COMPLETED,BBVA Mexico,CORPORATE_T1,CLI-7560,,
TXN-1263,SWIFT_INTERNATIONAL,16103.79,276824.15,17.19,17.19,2026-04-10T18:00:00,DISPATCHED,Banorte,CORPORATE_T1,CLI-4984,,
TXN-1244,SWIFT_INTERNATIONAL,16288.36,279996.91,17.19,17.19,2026-04-09T12:00:00,COMPLETED,Banorte,RETAIL,CLI-6455,,
TXN-1253,SWIFT_INTERNATIONAL,10486.73,180266.89,17.19,17.19,2026-04-10T02:00:00,DISPATCHED,Inbursa,CORPORATE_T1,CLI-9037,,
TXN-1203,FX_TRANSFER,7836.36,134671.76,17.1855,17.19,2026-04-11T10:45:30,COMPLETED,Banco Santander MX,CORPORATE_T2,CLI-3252,,
TXN-1232,SWIFT_INTERNATIONAL,5649.95,97122.64,17.19,17.19,2026-04-10T21:00:00,DISPATCHED,Banorte,RETAIL,CLI-9843,,
TXN-1574,SAVINGS_ACCOUNT,0.79,13.59,0.085,0.085,2026-04-11T09:48:34,COMPLETED,Internal — Yield Engine,RETAIL,CLI-1529,,
TXN-1166,FX_TRANSFER,10973.19,188580.85,17.1856,17.19,2026-04-11T07:09:19,COMPLETED,BBVA Mexico,RETAIL,CLI-6286,,
TXN-1142,FX_TRANSFER,4606.58,79167.3,17.1857,17.19,2026-04-11T08:42:40,COMPLETED,Banco Santander MX,CORPORATE_T2,CLI-6447,,
TXN-1114,FX_TRANSFER,11513.81,197916.64,17.1895,17.19,2026-04-11T16:53:21,COMPLETED,Scotiabank MX,RETAIL,CLI-9266,,
TXN-1528,SAVINGS_ACCOUNT,0.39,6.76,0.085,0.085,2026-04-11T10:54:30,COMPLETED,Internal — Yield Engine,RETAIL,CLI-7909,,
TXN-1343,CORPORATE_CARD,3214.78,55262.07,17.19,17.19,2026-04-11T07:26:39,COMPLETED,Servicios Globales,CORPORATE_T1,CLI-2420,,
TXN-1421,SAVINGS_ACCOUNT,1.03,17.68,0.085,0.085,2026-04-11T21:21:38,COMPLETED,Internal — Yield Engine,RETAIL,CLI-8909,,
TXN-1110,FX_TRANSFER,2236.01,38427.4,17.1857,17.19,2026-04-11T11:19:50,COMPLETED,Banamex,CORPORATE_T2,CLI-1920,,
TXN-1231,SWIFT_INTERNATIONAL,2917.04,50143.92,17.19,17.19,2026-04-10T21:00:00,DISPATCHED,HSBC Mexico,CORPORATE_T2,CLI-1797,,
TXN-1494,SAVINGS_ACCOUNT,0.6,10.28,0.085,0.085,2026-04-11T14:11:20,COMPLETED,Internal — Yield Engine,RETAIL,CLI-1950,,
TXN-1525,SAVINGS_ACCOUNT,0.76,13.14,0.085,0.085,2026-04-11T08:22:57,COMPLETED,Internal — Yield Engine,RETAIL,CLI-8171,,
TXN-1351,CORPORATE_CARD,1458.49,25071.44,17.19,17.19,2026-04-11T05:03:50,COMPLETED,Distribuidora Norte,CORPORATE_T2,CLI-9209,,
TXN-1352,CORPORATE_CARD,3882.13,66733.81,17.19,17.19,2026-04-11T11:25:05,COMPLETED,Grupo Delta,CORPORATE_T2,CLI-2369,,
TXN-1246,SWIFT_INTERNATIONAL,15190.71,261128.3,17.19,17.19,2026-04-09T17:00:00,COMPLETED,Scotiabank MX,CORPORATE_T2,CLI-4350,,
TXN-1409,SAVINGS_ACCOUNT,0.31,5.3,0.085,0.085,2026-04-11T09:51:39,COMPLETED,Internal — Yield Engine,RETAIL,CLI-4619,,
TXN-1111,FX_TRANSFER,4547.34,78149.22,17.1857,17.19,2026-04-11T11:02:03,COMPLETED,Banamex,CORPORATE_T1,CLI-2257,,
TXN-1162,FX_TRANSFER,802.27,13791.42,17.1905,17.19,2026-04-11T10:51:35,COMPLETED,BBVA Mexico,CORPORATE_T2,CLI-2412,,
TXN-1427,SAVINGS_ACCOUNT,0.14,2.39,0.085,0.085,2026-04-11T06:52:42,COMPLETED,Internal — Yield Engine,RETAIL,CLI-8869,,
TXN-1404,SAVINGS_ACCOUNT,0.83,14.27,0.085,0.085,2026-04-11T11:40:31,COMPLETED,Internal — Yield Engine,RETAIL,CLI-6198,,
TXN-1313,CORPORATE_CARD,1703.29,29279.56,17.19,17.19,2026-04-11T08:07:11,COMPLETED,Tech Solutions MX,CORPORATE_T1,CLI-9369,,
TXN-1452,SAVINGS_ACCOUNT,0.15,2.66,0.085,0.085,2026-04-11T16:19:19,COMPLETED,Internal — Yield Engine,RETAIL,CLI-5593,,
TXN-1466,SAVINGS_ACCOUNT,0.41,6.98,0.085,0.085,2026-04-11T10:10:54,COMPLETED,Internal — Yield Engine,RETAIL,CLI-4511,,
TXN-1584,SAVINGS_ACCOUNT,0.54,9.31,0.085,0.085,2026-04-11T13:08:10,COMPLETED,Internal — Yield Engine,RETAIL,CLI-5178,,
TXN-1153,FX_TRANSFER,8218.61,141270.51,17.1891,17.19,2026-04-11T13:47:43,COMPLETED,BBVA Mexico,RETAIL,CLI-3339,,
TXN-1426,SAVINGS_ACCOUNT,0.68,11.65,0.085,0.085,2026-04-11T17:09:03,COMPLETED,Internal — Yield Engine,RETAIL,CLI-6911,,
TXN-1477,SAVINGS_ACCOUNT,0.31,5.4,0.085,0.085,2026-04-11T13:15:57,COMPLETED,Internal — Yield Engine,RETAIL,CLI-1930,,
TXN-1444,SAVINGS_ACCOUNT,0.63,10.8,0.085,0.085,2026-04-11T19:00:50,COMPLETED,Internal — Yield Engine,RETAIL,CLI-9561,,
TXN-1539,SAVINGS_ACCOUNT,0.15,2.52,0.085,0.085,2026-04-11T19:32:54,COMPLETED,Internal — Yield Engine,RETAIL,CLI-8688,,
TXN-1486,SAVINGS_ACCOUNT,1.03,17.76,0.085,0.085,2026-04-11T18:41:05,COMPLETED,Internal — Yield Engine,RETAIL,CLI-4641,,
TXN-1312,CORPORATE_CARD,1889.53,32481.02,17.19,17.19,2026-04-11T11:11:52,COMPLETED,Inmobiliaria Sur,CORPORATE_T1,CLI-3194,,
TXN-1370,CORPORATE_CARD,207.02,3558.67,17.19,17.19,2026-04-11T15:54:47,COMPLETED,Inmobiliaria Sur,CORPORATE_T1,CLI-4361,,
TXN-1160,FX_TRANSFER,8180.16,140634.13,17.1921,17.19,2026-04-11T13:18:57,COMPLETED,Banamex,RETAIL,CLI-3852,,
TXN-1285,SWIFT_INTERNATIONAL,6243.28,107321.98,17.19,17.19,2026-04-10T04:00:00,DISPATCHED,Inbursa,RETAIL,CLI-6916,,
TXN-1594,SAVINGS_ACCOUNT,1.04,17.96,0.085,0.085,2026-04-11T15:20:24,COMPLETED,Internal — Yield Engine,RETAIL,CLI-2857,,
TXN-1195,FX_TRANSFER,11978.41,205906.47,17.1898,17.19,2026-04-11T10:11:29,COMPLETED,HSBC Mexico,CORPORATE_T1,CLI-9950,,
TXN-1441,SAVINGS_ACCOUNT,0.33,5.62,0.085,0.085,2026-04-11T16:09:53,COMPLETED,Internal — Yield Engine,RETAIL,CLI-5225,,
TXN-1449,SAVINGS_ACCOUNT,0.3,5.14,0.085,0.085,2026-04-11T10:39:38,COMPLETED,Internal — Yield Engine,RETAIL,CLI-7581,,
TXN-1465,SAVINGS_ACCOUNT,0.46,7.94,0.085,0.085,2026-04-11T17:16:47,COMPLETED,Internal — Yield Engine,RETAIL,CLI-2480,,
TXN-1500,SAVINGS_ACCOUNT,0.32,5.44,0.085,0.085,2026-04-11T15:40:46,COMPLETED,Internal — Yield Engine,RETAIL,CLI-5076,,
TXN-1386,CORPORATE_CARD,1006.35,17299.16,17.19,17.19,2026-04-11T14:52:46,COMPLETED,Distribuidora Norte,CORPORATE_T2,CLI-1483,,
TXN-1217,FX_TRANSFER,5732.25,98565.47,17.1949,17.19,2026-04-11T10:44:35,COMPLETED,Banorte,CORPORATE_T2,CLI-4578,,
TXN-1583,SAVINGS_ACCOUNT,1.05,18.02,0.085,0.085,2026-04-11T15:07:24,COMPLETED,Internal — Yield Engine,RETAIL,CLI-1665,,
TXN-1325,CORPORATE_CARD,1008.21,17331.13,17.19,17.19,2026-04-11T21:18:18,COMPLETED,Inmobiliaria Sur,CORPORATE_T1,CLI-3221,,
TXN-1422,SAVINGS_ACCOUNT,0.8,13.81,0.085,0.085,2026-04-11T11:41:10,COMPLETED,Internal — Yield Engine,RETAIL,CLI-8113,,
TXN-1433,SAVINGS_ACCOUNT,0.93,15.97,0.085,0.085,2026-04-11T13:09:48,COMPLETED,Internal — Yield Engine,RETAIL,CLI-2584,,
TXN-1103,FX_TRANSFER,8659.24,148845.41,17.1892,17.19,2026-04-11T07:01:20,COMPLETED,BBVA Mexico,CORPORATE_T2,CLI-8538,,
TXN-1346,CORPORATE_CARD,3939.05,67712.27,17.19,17.19,2026-04-11T15:54:54,COMPLETED,Inmobiliaria Sur,CORPORATE_T1,CLI-9482,,
TXN-1411,SAVINGS_ACCOUNT,0.84,14.48,0.085,0.085,2026-04-11T08:20:10,COMPLETED,Internal — Yield Engine,RETAIL,CLI-2453,,
TXN-1553,SAVINGS_ACCOUNT,0.6,10.36,0.085,0.085,2026-04-11T16:47:46,COMPLETED,Internal — Yield Engine,RETAIL,CLI-7704,,
TXN-1280,SWIFT_INTERNATIONAL,9528.03,163786.84,17.19,17.19,2026-04-09T12:00:00,DISPATCHED,Banco Santander MX,RETAIL,CLI-2468,,
TXN-1451,SAVINGS_ACCOUNT,0.18,3.13,0.085,0.085,2026-04-11T12:17:57,COMPLETED,Internal — Yield Engine,RETAIL,CLI-7102,,
TXN-1385,CORPORATE_CARD,4544.37,78117.72,17.19,17.19,2026-04-11T17:21:07,COMPLETED,Empresa XYZ,CORPORATE_T2,CLI-1829,,
TXN-1597,SAVINGS_ACCOUNT,0.6,10.26,0.085,0.085,2026-04-11T09:41:12,COMPLETED,Internal — Yield Engine,RETAIL,CLI-6248,,
TXN-1510,SAVINGS_ACCOUNT,0.18,3.12,0.085,0.085,2026-04-11T07:28:24,COMPLETED,Internal — Yield Engine,RETAIL,CLI-3024,,
TXN-1524,SAVINGS_ACCOUNT,0.23,3.88,0.085,0.085,2026-04-11T16:02:00,COMPLETED,Internal — Yield Engine,RETAIL,CLI-3267,,
TXN-1364,CORPORATE_CARD,1744.65,29990.53,17.19,17.19,2026-04-11T10:46:20,COMPLETED,Inmobiliaria Sur,CORPORATE_T1,CLI-7108,,
TXN-1459,SAVINGS_ACCOUNT,0.26,4.54,0.085,0.085,2026-04-11T17:56:36,COMPLETED,Internal — Yield Engine,RETAIL,CLI-1474,,
TXN-1440,SAVINGS_ACCOUNT,0.9,15.51,0.085,0.085,2026-04-11T07:27:05,COMPLETED,Internal — Yield Engine,RETAIL,CLI-8133,,
TXN-1293,SWIFT_INTERNATIONAL,19107.09,328450.88,17.19,17.19,2026-04-09T18:00:00,COMPLETED,Banorte,CORPORATE_T1,CLI-2133,,
TXN-1292,SWIFT_INTERNATIONAL,7935.3,136407.81,17.19,17.19,2026-04-10T11:00:00,COMPLETED,Scotiabank MX,CORPORATE_T2,CLI-1440,,
TXN-1469,SAVINGS_ACCOUNT,0.59,10.06,0.085,0.085,2026-04-11T07:11:38,COMPLETED,Internal — Yield Engine,RETAIL,CLI-1138,,
TXN-1445,SAVINGS_ACCOUNT,0.88,15.07,0.085,0.085,2026-04-11T07:09:09,COMPLETED,Internal — Yield Engine,RETAIL,CLI-2641,,
TXN-1461,SAVINGS_ACCOUNT,0.37,6.4,0.085,0.085,2026-04-11T11:58:23,COMPLETED,Internal — Yield Engine,RETAIL,CLI-4262,,
TXN-1240,SWIFT_INTERNATIONAL,16309.75,280364.6,17.19,17.19,2026-04-10T20:00:00,DISPATCHED,Banorte,CORPORATE_T2,CLI-9683,,
TXN-1366,CORPORATE_CARD,530.85,9125.31,17.19,17.19,2026-04-11T11:18:49,COMPLETED,Inmobiliaria Sur,CORPORATE_T2,CLI-2415,,
TXN-1152,FX_TRANSFER,8858.37,152311.7,17.1941,17.19,2026-04-11T14:27:17,COMPLETED,Scotiabank MX,RETAIL,CLI-2229,,
TXN-1265,SWIFT_INTERNATIONAL,2776.51,47728.21,17.19,17.19,2026-04-09T23:00:00,DISPATCHED,HSBC Mexico,CORPORATE_T1,CLI-1919,,
TXN-1413,SAVINGS_ACCOUNT,0.56,9.61,0.085,0.085,2026-04-11T09:15:44,COMPLETED,Internal — Yield Engine,RETAIL,CLI-2110,,
TXN-1123,FX_TRANSFER,3105.25,53368.07,17.1864,17.19,2026-04-11T06:54:50,COMPLETED,Banco Santander MX,CORPORATE_T2,CLI-9843,,
TXN-1332,CORPORATE_CARD,1488.98,25595.57,17.19,17.19,2026-04-11T17:21:35,COMPLETED,Grupo Delta,CORPORATE_T2,CLI-6631,,
TXN-1340,CORPORATE_CARD,539.98,9282.26,17.19,17.19,2026-04-11T10:46:51,COMPLETED,Corporativo ABC,CORPORATE_T1,CLI-6133,,
TXN-1104a,SPEI,220.3,3786.89,17.19,17.19,2026-04-11T15:22:47,COMPLETED,Inmobiliaria Sur,RETAIL,CLI-2417,SPEI_DUPLICATE,Network timeout retry — both instances cleared Banxico settlement
TXN-1590,SAVINGS_ACCOUNT,0.34,5.93,0.085,0.085,2026-04-11T08:21:21,COMPLETED,Internal — Yield Engine,RETAIL,CLI-6911,,
TXN-1365,CORPORATE_CARD,773.12,13289.93,17.19,17.19,2026-04-11T15:03:11,COMPLETED,Holding Omega,CORPORATE_T1,CLI-7568,,
TXN-1205,FX_TRANSFER,9192.98,158008.02,17.1879,17.19,2026-04-11T09:03:58,COMPLETED,Inbursa,RETAIL,CLI-4804,,
TXN-1566,SAVINGS_ACCOUNT,0.33,5.6,0.085,0.085,2026-04-11T14:18:43,COMPLETED,Internal — Yield Engine,RETAIL,CLI-6657,,
TXN-1219,FX_TRANSFER,8593.31,147682.91,17.1858,17.19,2026-04-11T13:03:53,COMPLETED,HSBC Mexico,CORPORATE_T2,CLI-4312,,
TXN-1289,SWIFT_INTERNATIONAL,16494.03,283532.38,17.19,17.19,2026-04-10T15:00:00,DISPATCHED,Banamex,CORPORATE_T2,CLI-4290,,
TXN-1235,SWIFT_INTERNATIONAL,19728.22,339128.1,17.19,17.19,2026-04-09T14:00:00,COMPLETED,Banorte,CORPORATE_T1,CLI-5508,,
TXN-1132,FX_TRANSFER,11383.75,195654.79,17.1872,17.19,2026-04-11T11:22:59,COMPLETED,Banco Santander MX,CORPORATE_T1,CLI-1872,,
TXN-1218,FX_TRANSFER,9261.39,159219.96,17.1918,17.19,2026-04-11T14:50:05,COMPLETED,HSBC Mexico,CORPORATE_T1,CLI-9653,,
TXN-1472,SAVINGS_ACCOUNT,0.34,5.89,0.085,0.085,2026-04-11T09:33:52,COMPLETED,Internal — Yield Engine,RETAIL,CLI-7506,,
TXN-1592,SAVINGS_ACCOUNT,1.08,18.58,0.085,0.085,2026-04-11T17:41:00,COMPLETED,Internal — Yield Engine,RETAIL,CLI-2879,,
TXN-1120,FX_TRANSFER,7342.97,126257.96,17.1944,17.19,2026-04-11T09:24:41,COMPLETED,Inbursa,CORPORATE_T1,CLI-3093,,
TXN-1474,SAVINGS_ACCOUNT,0.67,11.48,0.085,0.085,2026-04-11T14:18:19,COMPLETED,Internal — Yield Engine,RETAIL,CLI-2771,,
TXN-1347,CORPORATE_CARD,3113.25,53516.77,17.19,17.19,2026-04-11T08:25:18,COMPLETED,Empresa XYZ,CORPORATE_T1,CLI-9108,,
TXN-1174,FX_TRANSFER,7476.59,128508.38,17.1881,17.19,2026-04-11T15:46:55,COMPLETED,Banamex,CORPORATE_T1,CLI-3142,,
TXN-1418,SAVINGS_ACCOUNT,0.29,4.98,0.085,0.085,2026-04-11T06:54:02,COMPLETED,Internal — Yield Engine,RETAIL,CLI-5831,,
TXN-1497,SAVINGS_ACCOUNT,0.26,4.44,0.085,0.085,2026-04-11T11:27:25,COMPLETED,Internal — Yield Engine,RETAIL,CLI-8029,,
TXN-1191,FX_TRANSFER,7210.52,123925.04,17.1867,17.19,2026-04-11T14:39:49,COMPLETED,Inbursa,CORPORATE_T1,CLI-3421,,
TXN-1181,FX_TRANSFER,594.04,10209.23,17.1861,17.19,2026-04-11T07:16:46,COMPLETED,Banamex,CORPORATE_T1,CLI-6995,,
TXN-1555,SAVINGS_ACCOUNT,0.34,5.84,0.085,0.085,2026-04-11T17:12:45,COMPLETED,Internal — Yield Engine,RETAIL,CLI-6536,,
TXN-1487,SAVINGS_ACCOUNT,0.47,8.12,0.085,0.085,2026-04-11T15:19:26,COMPLETED,Internal — Yield Engine,RETAIL,CLI-6428,,
TXN-1363,CORPORATE_CARD,2038.3,35038.38,17.19,17.19,2026-04-11T07:59:54,COMPLETED,Empresa XYZ,CORPORATE_T2,CLI-4678,,
TXN-1184,FX_TRANSFER,11713.45,201341.32,17.1889,17.19,2026-04-11T16:21:35,COMPLETED,Banamex,RETAIL,CLI-4261,,
TXN-1414,SAVINGS_ACCOUNT,0.47,8.04,0.085,0.085,2026-04-11T16:46:00,COMPLETED,Internal — Yield Engine,RETAIL,CLI-1788,,
TXN-1222,FX_TRANSFER,6402.35,110053.84,17.1896,17.19,2026-04-11T06:29:43,COMPLETED,Inbursa,CORPORATE_T1,CLI-1356,,
TXN-1572,SAVINGS_ACCOUNT,0.19,3.19,0.085,0.085,2026-04-11T06:17:48,COMPLETED,Internal — Yield Engine,RETAIL,CLI-3636,,
TXN-1357,CORPORATE_CARD,3597.92,61848.24,17.19,17.19,2026-04-11T15:10:31,COMPLETED,Tech Solutions MX,CORPORATE_T2,CLI-3735,,
TXN-1495,SAVINGS_ACCOUNT,0.14,2.41,0.085,0.085,2026-04-11T09:48:49,COMPLETED,Internal — Yield Engine,RETAIL,CLI-3762,,
TXN-1303,CORPORATE_CARD,1697.07,29172.63,17.19,17.19,2026-04-11T11:13:33,COMPLETED,Servicios Globales,CORPORATE_T2,CLI-8801,,
TXN-1146,FX_TRANSFER,11874.91,204134.45,17.1904,17.19,2026-04-11T08:48:41,COMPLETED,BBVA Mexico,CORPORATE_T1,CLI-6848,,
TXN-1361,CORPORATE_CARD,1424.56,24488.19,17.19,17.19,2026-04-11T07:36:43,COMPLETED,Corporativo ABC,CORPORATE_T1,CLI-9336,,
TXN-1356,CORPORATE_CARD,2376.18,40846.53,17.19,17.19,2026-04-11T14:19:42,COMPLETED,Grupo Delta,CORPORATE_T1,CLI-1207,,
TXN-1337,CORPORATE_CARD,3202.9,55057.85,17.19,17.19,2026-04-11T15:48:14,COMPLETED,Distribuidora Norte,CORPORATE_T1,CLI-2559,,
TXN-1481,SAVINGS_ACCOUNT,0.69,11.83,0.085,0.085,2026-04-11T23:52:12,COMPLETED,Internal — Yield Engine,RETAIL,CLI-6622,,
TXN-1542,SAVINGS_ACCOUNT,0.35,5.96,0.085,0.085,2026-04-11T14:25:52,COMPLETED,Internal — Yield Engine,RETAIL,CLI-4850,,
TXN-1401,SAVINGS_ACCOUNT,0.28,4.74,0.085,0.085,2026-04-11T15:09:49,COMPLETED,Internal — Yield Engine,RETAIL,CLI-2817,,
TXN-1214,FX_TRANSFER,3972.38,68293.95,17.1922,17.19,2026-04-11T01:41:23,COMPLETED,Scotiabank MX,RETAIL,CLI-2017,,
TXN-1589,SAVINGS_ACCOUNT,0.29,4.93,0.085,0.085,2026-04-11T13:25:05,COMPLETED,Internal — Yield Engine,RETAIL,CLI-6724,,
TXN-1287,SWIFT_INTERNATIONAL,9699.37,166732.17,17.19,17.19,2026-04-10T15:00:00,DISPATCHED,Banco Santander MX,CORPORATE_T1,CLI-6443,,
TXN-1176,FX_TRANSFER,3351.07,57591.49,17.186,17.19,2026-04-11T09:24:55,COMPLETED,HSBC Mexico,CORPORATE_T1,CLI-5067,,
TXN-1434,SAVINGS_ACCOUNT,0.22,3.73,0.085,0.085,2026-04-11T10:34:26,COMPLETED,Internal — Yield Engine,RETAIL,CLI-4727,,
TXN-1341,CORPORATE_CARD,1964.3,33766.32,17.19,17.19,2026-04-11T09:24:49,COMPLETED,Grupo Delta,CORPORATE_T1,CLI-2120,,
TXN-1376,CORPORATE_CARD,1505.39,25877.65,17.19,17.19,2026-04-11T06:12:08,COMPLETED,Corporativo ABC,CORPORATE_T1,CLI-2731,,
TXN-1378,CORPORATE_CARD,1679.88,28877.14,17.19,17.19,2026-04-11T09:07:05,COMPLETED,Grupo Delta,CORPORATE_T2,CLI-1660,,
TXN-1233,SWIFT_INTERNATIONAL,5128.11,88152.21,17.19,17.19,2026-04-10T20:00:00,COMPLETED,HSBC Mexico,CORPORATE_T1,CLI-4836,,
TXN-1521,SAVINGS_ACCOUNT,0.57,9.77,0.085,0.085,2026-04-11T21:16:29,COMPLETED,Internal — Yield Engine,RETAIL,CLI-1820,,
TXN-1118,FX_TRANSFER,3397.95,58422.65,17.1935,17.19,2026-04-11T20:38:55,COMPLETED,BBVA Mexico,CORPORATE_T1,CLI-2335,,
TXN-1552,SAVINGS_ACCOUNT,0.66,11.26,0.085,0.085,2026-04-11T10:06:02,COMPLETED,Internal — Yield Engine,RETAIL,CLI-3689,,
TXN-1402,SAVINGS_ACCOUNT,0.94,16.13,0.085,0.085,2026-04-11T17:04:23,COMPLETED,Internal — Yield Engine,RETAIL,CLI-7481,,
TXN-1307,CORPORATE_CARD,4029.23,69262.46,17.19,17.19,2026-04-11T14:11:40,COMPLETED,Distribuidora Norte,CORPORATE_T2,CLI-1478,,
TXN-1396,CORPORATE_CARD,4069.81,69960.03,17.19,17.19,2026-04-11T15:58:37,COMPLETED,Empresa XYZ,CORPORATE_T2,CLI-3328,,
TXN-1598,SAVINGS_ACCOUNT,0.62,10.71,0.085,0.085,2026-04-11T20:10:49,COMPLETED,Internal — Yield Engine,RETAIL,CLI-9814,,
TXN-1596,SAVINGS_ACCOUNT,0.92,15.73,0.085,0.085,2026-04-11T10:51:32,COMPLETED,Internal — Yield Engine,RETAIL,CLI-8300,,
TXN-1423,SAVINGS_ACCOUNT,0.28,4.89,0.085,0.085,2026-04-11T07:13:12,COMPLETED,Internal — Yield Engine,RETAIL,CLI-7705,,
TXN-1359,CORPORATE_CARD,4074.12,70034.12,17.19,17.19,2026-04-11T09:04:16,COMPLETED,Corporativo ABC,CORPORATE_T2,CLI-8457,,
TXN-1109,FX_TRANSFER,8333.04,143276.62,17.1938,17.19,2026-04-11T14:39:20,COMPLETED,Inbursa,CORPORATE_T2,CLI-6179,,
TXN-1138,FX_TRANSFER,1222.28,21015.15,17.1934,17.19,2026-04-11T12:34:01,COMPLETED,Scotiabank MX,CORPORATE_T2,CLI-4963,,
TXN-1139,FX_TRANSFER,8763.26,150622.04,17.1879,17.19,2026-04-11T00:22:15,COMPLETED,HSBC Mexico,CORPORATE_T1,CLI-4068,,
TXN-1420,SAVINGS_ACCOUNT,0.3,5.1,0.085,0.085,2026-04-11T10:46:04,COMPLETED,Internal — Yield Engine,RETAIL,CLI-9962,,
TXN-1234,SWIFT_INTERNATIONAL,16499.94,283633.97,17.19,17.19,2026-04-10T03:00:00,DISPATCHED,BBVA Mexico,CORPORATE_T1,CLI-3347,,
TXN-3371,FX_TRANSFER,8779.8,150924.76,17.19,17.19,2026-04-11T14:44:54,COMPLETED,Banco Santander MX,CORPORATE_T2,CLI-6860,FEE_MISMATCH,Applied fee 1.2% vs contracted 0.9% for CORPORATE_T2
TXN-1561,SAVINGS_ACCOUNT,0.83,14.24,0.085,0.085,2026-04-11T07:24:42,COMPLETED,Internal — Yield Engine,RETAIL,CLI-6273,,
TXN-1171,FX_TRANSFER,7987.99,137335.12,17.1927,17.19,2026-04-11T10:40:01,COMPLETED,Banorte,CORPORATE_T2,CLI-9938,,
TXN-1243,SWIFT_INTERNATIONAL,1979.2,34022.45,17.19,17.19,2026-04-09T23:00:00,COMPLETED,Inbursa,RETAIL,CLI-4082,,
TXN-1141,FX_TRANSFER,6872.75,118135.01,17.1889,17.19,2026-04-11T12:40:24,COMPLETED,Banamex,CORPORATE_T1,CLI-1266,,
TXN-1410,SAVINGS_ACCOUNT,0.74,12.76,0.085,0.085,2026-04-11T07:31:09,COMPLETED,Internal — Yield Engine,RETAIL,CLI-6425,,
TXN-1530,SAVINGS_ACCOUNT,1.07,18.33,0.085,0.085,2026-04-11T17:06:26,COMPLETED,Internal — Yield Engine,RETAIL,CLI-8908,,
TXN-1189,FX_TRANSFER,11768.83,202315.6,17.1908,17.19,2026-04-11T16:46:55,COMPLETED,Scotiabank MX,CORPORATE_T2,CLI-1436,,
TXN-1155,FX_TRANSFER,4664.73,80207.7,17.1945,17.19,2026-04-11T05:09:43,COMPLETED,Banorte,CORPORATE_T1,CLI-7095,,
TXN-1382,CORPORATE_CARD,4058.7,69769.05,17.19,17.19,2026-04-11T07:00:03,COMPLETED,Holding Omega,CORPORATE_T1,CLI-4246,,
TXN-1519,SAVINGS_ACCOUNT,0.93,15.94,0.085,0.085,2026-04-11T15:09:05,COMPLETED,Internal — Yield Engine,RETAIL,CLI-9383,,
TXN-1501,SAVINGS_ACCOUNT,0.35,6.02,0.085,0.085,2026-04-11T18:19:08,COMPLETED,Internal — Yield Engine,RETAIL,CLI-2682,,
TXN-1283,SWIFT_INTERNATIONAL,11867.25,203998.03,17.19,17.19,2026-04-10T13:00:00,DISPATCHED,BBVA Mexico,RETAIL,CLI-5405,,
TXN-1328,CORPORATE_CARD,2971.64,51082.49,17.19,17.19,2026-04-11T09:26:24,COMPLETED,Servicios Globales,CORPORATE_T1,CLI-2525,,
TXN-1531,SAVINGS_ACCOUNT,0.9,15.41,0.085,0.085,2026-04-11T15:11:39,COMPLETED,Internal — Yield Engine,RETAIL,CLI-7221,,
TXN-1345,CORPORATE_CARD,1709.62,29388.37,17.19,17.19,2026-04-11T07:17:41,COMPLETED,Corporativo ABC,CORPORATE_T1,CLI-5668,,
TXN-1518,SAVINGS_ACCOUNT,0.45,7.72,0.085,0.085,2026-04-11T00:42:05,COMPLETED,Internal — Yield Engine,RETAIL,CLI-2809,,
TXN-1475,SAVINGS_ACCOUNT,0.59,10.18,0.085,0.085,2026-04-11T09:17:40,COMPLETED,Internal — Yield Engine,RETAIL,CLI-6327,,
TXN-1447,SAVINGS_ACCOUNT,0.96,16.47,0.085,0.085,2026-04-11T18:56:26,COMPLETED,Internal — Yield Engine,RETAIL,CLI-5327,,
TXN-1168,FX_TRANSFER,2757.47,47413.59,17.1946,17.19,2026-04-11T09:40:19,COMPLETED,HSBC Mexico,CORPORATE_T2,CLI-2530,,
TXN-1284,SWIFT_INTERNATIONAL,6721.49,115542.41,17.19,17.19,2026-04-09T16:00:00,COMPLETED,Banco Santander MX,RETAIL,CLI-8121,,
TXN-1241,SWIFT_INTERNATIONAL,3547.76,60985.99,17.19,17.19,2026-04-10T08:00:00,DISPATCHED,BBVA Mexico,CORPORATE_T1,CLI-2295,,
TXN-1323,CORPORATE_CARD,1207.42,20755.55,17.19,17.19,2026-04-11T15:44:22,COMPLETED,Distribuidora Norte,CORPORATE_T1,CLI-3281,,
TXN-1428,SAVINGS_ACCOUNT,0.32,5.58,0.085,0.085,2026-04-11T04:10:40,COMPLETED,Internal — Yield Engine,RETAIL,CLI-5781,,
TXN-1478,SAVINGS_ACCOUNT,0.9,15.46,0.085,0.085,2026-04-11T16:38:25,COMPLETED,Internal — Yield Engine,RETAIL,CLI-6236,,
TXN-1464,SAVINGS_ACCOUNT,0.3,5.22,0.085,0.085,2026-04-11T17:37:35,COMPLETED,Internal — Yield Engine,RETAIL,CLI-6730,,
TXN-1544,SAVINGS_ACCOUNT,0.95,16.29,0.085,0.085,2026-04-11T11:07:31,COMPLETED,Internal — Yield Engine,RETAIL,CLI-1291,,
TXN-1226,FX_TRANSFER,5658.18,97287.88,17.1942,17.19,2026-04-11T10:05:43,COMPLETED,Scotiabank MX,CORPORATE_T2,CLI-3178,,
TXN-1260,SWIFT_INTERNATIONAL,11179.02,192167.35,17.19,17.19,2026-04-10T05:00:00,COMPLETED,HSBC Mexico,CORPORATE_T2,CLI-8054,,
TXN-1565,SAVINGS_ACCOUNT,0.42,7.2,0.085,0.085,2026-04-11T15:55:20,COMPLETED,Internal — Yield Engine,RETAIL,CLI-4560,,
TXN-1186,FX_TRANSFER,6472.33,111236.7,17.1865,17.19,2026-04-11T18:08:20,COMPLETED,HSBC Mexico,CORPORATE_T1,CLI-3662,,
TXN-1319,CORPORATE_CARD,1602.03,27538.9,17.19,17.19,2026-04-11T09:34:18,COMPLETED,Grupo Delta,CORPORATE_T2,CLI-9115,,
TXN-1261,SWIFT_INTERNATIONAL,16317.19,280492.5,17.19,17.19,2026-04-10T12:00:00,COMPLETED,Banco Santander MX,CORPORATE_T2,CLI-3439,,
TXN-1286,SWIFT_INTERNATIONAL,5782.3,99397.74,17.19,17.19,2026-04-10T08:00:00,DISPATCHED,HSBC Mexico,CORPORATE_T2,CLI-4203,,
TXN-1549,SAVINGS_ACCOUNT,0.94,16.09,0.085,0.085,2026-04-11T09:49:39,COMPLETED,Internal — Yield Engine,RETAIL,CLI-8751,,
TXN-1389,CORPORATE_CARD,2177.56,37432.26,17.19,17.19,2026-04-11T13:03:05,COMPLETED,Inmobiliaria Sur,CORPORATE_T2,CLI-3248,,
TXN-1178,FX_TRANSFER,9275.9,159452.72,17.19,17.19,2026-04-11T13:31:56,COMPLETED,Banamex,CORPORATE_T1,CLI-1379,,
TXN-1399,CORPORATE_CARD,2494.35,42877.88,17.19,17.19,2026-04-11T09:39:12,COMPLETED,Grupo Delta,CORPORATE_T2,CLI-3907,,
TXN-1455,SAVINGS_ACCOUNT,0.39,6.72,0.085,0.085,2026-04-11T11:41:05,COMPLETED,Internal — Yield Engine,RETAIL,CLI-4079,,
TXN-1558,SAVINGS_ACCOUNT,0.26,4.52,0.085,0.085,2026-04-11T12:33:47,COMPLETED,Internal — Yield Engine,RETAIL,CLI-1795,,
TXN-1437,SAVINGS_ACCOUNT,0.59,10.09,0.085,0.085,2026-04-11T06:57:54,COMPLETED,Internal — Yield Engine,RETAIL,CLI-1568,,
TXN-1576,SAVINGS_ACCOUNT,0.84,14.43,0.085,0.085,2026-04-11T13:15:32,COMPLETED,Internal — Yield Engine,RETAIL,CLI-5712,,
TXN-1268,SWIFT_INTERNATIONAL,6150.81,105732.42,17.19,17.19,2026-04-10T19:00:00,DISPATCHED,HSBC Mexico,CORPORATE_T2,CLI-1539,,
TXN-1330,CORPORATE_CARD,1770.99,30443.32,17.19,17.19,2026-04-11T00:49:54,COMPLETED,Corporativo ABC,CORPORATE_T2,CLI-6869,,
TXN-1348,CORPORATE_CARD,2052.25,35278.18,17.19,17.19,2026-04-11T08:40:38,COMPLETED,Corporativo ABC,CORPORATE_T1,CLI-6916,,
TXN-1262,SWIFT_INTERNATIONAL,5578.41,95892.87,17.19,17.19,2026-04-09T14:00:00,DISPATCHED,Inbursa,CORPORATE_T1,CLI-5379,,
TXN-1540,SAVINGS_ACCOUNT,0.94,16.22,0.085,0.085,2026-04-11T17:04:48,COMPLETED,Internal — Yield Engine,RETAIL,CLI-9055,,
TXN-1135,FX_TRANSFER,11050.06,189947.22,17.1897,17.19,2026-04-11T17:48:45,COMPLETED,Banorte,CORPORATE_T1,CLI-1086,,
TXN-1417,SAVINGS_ACCOUNT,0.92,15.84,0.085,0.085,2026-04-11T16:36:41,COMPLETED,Internal — Yield Engine,RETAIL,CLI-4695,,
TXN-1245,SWIFT_INTERNATIONAL,6760.57,116214.2,17.19,17.19,2026-04-10T23:00:00,COMPLETED,BBVA Mexico,CORPORATE_T2,CLI-2922,,
TXN-1151,FX_TRANSFER,4024.7,69188.62,17.191,17.19,2026-04-11T11:44:28,COMPLETED,Banamex,CORPORATE_T1,CLI-1693,,
TXN-1220,FX_TRANSFER,7086.07,121784.74,17.1865,17.19,2026-04-11T09:33:28,COMPLETED,Banco Santander MX,CORPORATE_T2,CLI-4365,,
TXN-1435,SAVINGS_ACCOUNT,0.66,11.35,0.085,0.085,2026-04-11T17:52:33,COMPLETED,Internal — Yield Engine,RETAIL,CLI-7858,,
TXN-1526,SAVINGS_ACCOUNT,1.04,17.9,0.085,0.085,2026-04-11T09:46:05,COMPLETED,Internal — Yield Engine,RETAIL,CLI-7105,,
TXN-1165,FX_TRANSFER,10596.54,182184.19,17.1928,17.19,2026-04-11T14:11:49,COMPLETED,BBVA Mexico,CORPORATE_T1,CLI-9238,,
TXN-1282,SWIFT_INTERNATIONAL,6545.1,112510.27,17.19,17.19,2026-04-09T23:00:00,COMPLETED,Scotiabank MX,CORPORATE_T2,CLI-4977,,
TXN-1269,SWIFT_INTERNATIONAL,4407.74,75769.05,17.19,17.19,2026-04-10T03:00:00,COMPLETED,BBVA Mexico,CORPORATE_T2,CLI-3362,,
TXN-1349,CORPORATE_CARD,4682.84,80498.02,17.19,17.19,2026-04-11T07:55:53,COMPLETED,Distribuidora Norte,CORPORATE_T2,CLI-9951,,
TXN-1397,CORPORATE_CARD,2902.92,49901.19,17.19,17.19,2026-04-11T08:51:56,COMPLETED,Servicios Globales,CORPORATE_T2,CLI-3876,,
TXN-1579,SAVINGS_ACCOUNT,0.15,2.54,0.085,0.085,2026-04-11T08:39:55,COMPLETED,Internal — Yield Engine,RETAIL,CLI-8259,,
TXN-1201,FX_TRANSFER,9094.39,156306.19,17.1871,17.19,2026-04-11T17:17:59,COMPLETED,HSBC Mexico,CORPORATE_T2,CLI-5450,,
TXN-8812,SWIFT_INTERNATIONAL,44511.26,765148.56,17.19,17.19,2026-04-11T10:20:01,DISPATCHED,Unregistered Beneficiary,CORPORATE_T1,CLI-7381,AML_FLAG,Velocity 340% above client profile threshold
TXN-1228,FX_TRANSFER,10100.45,173653.0,17.1926,17.19,2026-04-11T21:29:43,COMPLETED,Scotiabank MX,CORPORATE_T2,CLI-7948,,
TXN-1134,FX_TRANSFER,11204.5,192643.45,17.1934,17.19,2026-04-11T14:50:09,COMPLETED,BBVA Mexico,RETAIL,CLI-5700,,
TXN-1537,SAVINGS_ACCOUNT,0.76,13.12,0.085,0.085,2026-04-11T08:22:42,COMPLETED,Internal — Yield Engine,RETAIL,CLI-7305,,
TXN-1248,SWIFT_INTERNATIONAL,9858.76,169472.08,17.19,17.19,2026-04-10T01:00:00,DISPATCHED,Banamex,CORPORATE_T1,CLI-9401,,
TXN-1137,FX_TRANSFER,5367.43,92281.15,17.1928,17.19,2026-04-11T08:07:03,COMPLETED,BBVA Mexico,CORPORATE_T1,CLI-8489,,
TXN-1532,SAVINGS_ACCOUNT,0.87,15.03,0.085,0.085,2026-04-11T14:55:43,COMPLETED,Internal — Yield Engine,RETAIL,CLI-3140,,
TXN-1550,SAVINGS_ACCOUNT,0.82,14.01,0.085,0.085,2026-04-11T10:28:07,COMPLETED,Internal — Yield Engine,RETAIL,CLI-2596,,
TXN-1336,CORPORATE_CARD,1401.87,24098.15,17.19,17.19,2026-04-11T10:57:41,COMPLETED,Grupo Delta,CORPORATE_T1,CLI-7493,,
TXN-1381,CORPORATE_CARD,4302.09,73952.93,17.19,17.19,2026-04-11T13:35:15,COMPLETED,Corporativo ABC,CORPORATE_T2,CLI-2669,,
TXN-1484,SAVINGS_ACCOUNT,0.93,16.03,0.085,0.085,2026-04-11T18:11:18,COMPLETED,Internal — Yield Engine,RETAIL,CLI-2599,,
TXN-1127,FX_TRANSFER,3191.03,54845.51,17.1874,17.19,2026-04-11T20:50:30,COMPLETED,Inbursa,RETAIL,CLI-7026,,
TXN-1390,CORPORATE_CARD,2212.33,38029.95,17.19,17.19,2026-04-11T14:51:33,COMPLETED,Holding Omega,CORPORATE_T1,CLI-7266,,
TXN-1509,SAVINGS_ACCOUNT,0.7,12.01,0.085,0.085,2026-04-11T05:06:41,COMPLETED,Internal — Yield Engine,RETAIL,CLI-1323,,
TXN-1443,SAVINGS_ACCOUNT,0.5,8.66,0.085,0.085,2026-04-11T10:20:54,COMPLETED,Internal — Yield Engine,RETAIL,CLI-5525,,
TXN-1192,FX_TRANSFER,9949.1,170999.16,17.1874,17.19,2026-04-11T13:44:07,COMPLETED,BBVA Mexico,RETAIL,CLI-8225,,
TXN-1158,FX_TRANSFER,3510.43,60335.87,17.1876,17.19,2026-04-11T11:39:18,COMPLETED,Scotiabank MX,CORPORATE_T1,CLI-4279,,
TXN-1199,FX_TRANSFER,3809.58,65489.35,17.1907,17.19,2026-04-11T13:57:25,COMPLETED,Inbursa,CORPORATE_T1,CLI-3399,,
TXN-1229,FX_TRANSFER,6617.24,113771.53,17.1932,17.19,2026-04-11T08:22:09,COMPLETED,Banamex,RETAIL,CLI-2848,,
TXN-1527,SAVINGS_ACCOUNT,0.91,15.61,0.085,0.085,2026-04-11T08:25:25,COMPLETED,Internal — Yield Engine,RETAIL,CLI-8479,,
TXN-1415,SAVINGS_ACCOUNT,0.5,8.62,0.085,0.085,2026-04-11T15:10:56,COMPLETED,Internal — Yield Engine,RETAIL,CLI-7783,,
TXN-1213,FX_TRANSFER,4221.42,72555.66,17.1875,17.19,2026-04-11T09:15:28,COMPLETED,Inbursa,CORPORATE_T1,CLI-6400,,
TXN-1194,FX_TRANSFER,10537.4,181163.2,17.1924,17.19,2026-04-11T06:08:33,COMPLETED,BBVA Mexico,CORPORATE_T2,CLI-6325,,
TXN-1182,FX_TRANSFER,1020.29,17534.19,17.1855,17.19,2026-04-11T13:23:35,COMPLETED,Banamex,RETAIL,CLI-7329,,
TXN-1578,SAVINGS_ACCOUNT,1.04,17.92,0.085,0.085,2026-04-11T21:20:35,COMPLETED,Internal — Yield Engine,RETAIL,CLI-1881,,
TXN-1362,CORPORATE_CARD,212.33,3649.95,17.19,17.19,2026-04-11T17:00:15,COMPLETED,Empresa XYZ,CORPORATE_T2,CLI-6963,,
TXN-1535,SAVINGS_ACCOUNT,0.86,14.84,0.085,0.085,2026-04-11T14:36:14,COMPLETED,Internal — Yield Engine,RETAIL,CLI-6542,,
TXN-1430,SAVINGS_ACCOUNT,0.58,10.01,0.085,0.085,2026-04-11T18:16:05,COMPLETED,Internal — Yield Engine,RETAIL,CLI-9914,,
TXN-1311,CORPORATE_CARD,4836.4,83137.72,17.19,17.19,2026-04-11T09:24:39,COMPLETED,Distribuidora Norte,CORPORATE_T1,CLI-6700,,
TXN-1208,FX_TRANSFER,10582.55,181862.18,17.1851,17.19,2026-04-11T13:06:59,COMPLETED,Banamex,CORPORATE_T1,CLI-8444,,
TXN-1276,SWIFT_INTERNATIONAL,2628.19,45178.59,17.19,17.19,2026-04-10T05:00:00,COMPLETED,Scotiabank MX,RETAIL,CLI-2344,,
TXN-1471,SAVINGS_ACCOUNT,0.54,9.24,0.085,0.085,2026-04-11T10:22:29,COMPLETED,Internal — Yield Engine,RETAIL,CLI-5128,,
TXN-1479,SAVINGS_ACCOUNT,0.78,13.43,0.085,0.085,2026-04-11T15:41:31,COMPLETED,Internal — Yield Engine,RETAIL,CLI-5843,,
TXN-1483,SAVINGS_ACCOUNT,1.0,17.11,0.085,0.085,2026-04-11T15:32:19,COMPLETED,Internal — Yield Engine,RETAIL,CLI-3785,,
TXN-1207,FX_TRANSFER,11240.11,193165.79,17.1854,17.19,2026-04-11T17:50:31,COMPLETED,BBVA Mexico,CORPORATE_T2,CLI-5742,,
TXN-1256,SWIFT_INTERNATIONAL,18958.57,325897.82,17.19,17.19,2026-04-10T20:00:00,COMPLETED,Banorte,RETAIL,CLI-4791,,
TXN-1143,FX_TRANSFER,2034.21,34965.02,17.1885,17.19,2026-04-11T09:41:11,COMPLETED,Inbursa,CORPORATE_T2,CLI-8612,,
TXN-1380,CORPORATE_CARD,2664.61,45804.65,17.19,17.19,2026-04-11T15:16:52,COMPLETED,Grupo Delta,CORPORATE_T1,CLI-7625,,
TXN-1375,CORPORATE_CARD,4284.39,73648.66,17.19,17.19,2026-04-11T19:25:44,COMPLETED,Tech Solutions MX,CORPORATE_T2,CLI-8417,,
TXN-1301,CORPORATE_CARD,2077.44,35711.19,17.19,17.19,2026-04-11T16:37:44,COMPLETED,Grupo Delta,CORPORATE_T2,CLI-1402,,
TXN-1405,SAVINGS_ACCOUNT,0.3,5.17,0.085,0.085,2026-04-11T20:44:56,COMPLETED,Internal — Yield Engine,RETAIL,CLI-6846,,
TXN-1393,CORPORATE_CARD,481.24,8272.52,17.19,17.19,2026-04-11T23:33:22,COMPLETED,Holding Omega,CORPORATE_T1,CLI-2640,,
TXN-1102,FX_TRANSFER,5516.53,94826.94,17.1896,17.19,2026-04-11T06:20:36,COMPLETED,Banorte,CORPORATE_T2,CLI-7626,,
TXN-1121,FX_TRANSFER,8206.34,141094.07,17.1933,17.19,2026-04-11T15:43:58,COMPLETED,HSBC Mexico,RETAIL,CLI-7937,,
TXN-1163,FX_TRANSFER,1256.1,21591.1,17.189,17.19,2026-04-11T15:30:33,COMPLETED,Banorte,CORPORATE_T1,CLI-2208,,
TXN-1172,FX_TRANSFER,3831.22,65876.3,17.1946,17.19,2026-04-11T12:51:51,COMPLETED,Scotiabank MX,CORPORATE_T1,CLI-5873,,
TXN-1384,CORPORATE_CARD,304.64,5236.76,17.19,17.19,2026-04-11T06:57:41,COMPLETED,Servicios Globales,CORPORATE_T1,CLI-2506,,
TXN-1547,SAVINGS_ACCOUNT,0.98,16.84,0.085,0.085,2026-04-11T13:41:42,COMPLETED,Internal — Yield Engine,RETAIL,CLI-8474,,
TXN-1383,CORPORATE_CARD,4153.63,71400.9,17.19,17.19,2026-04-11T10:40:41,COMPLETED,Corporativo ABC,CORPORATE_T2,CLI-2228,,
TXN-1105,FX_TRANSFER,6525.57,112168.02,17.189,17.19,2026-04-11T09:21:14,COMPLETED,Banamex,RETAIL,CLI-2251,,
TXN-1291,SWIFT_INTERNATIONAL,19387.5,333271.12,17.19,17.19,2026-04-10T08:00:00,DISPATCHED,Banorte,CORPORATE_T1,CLI-7437,,
TXN-1431,SAVINGS_ACCOUNT,0.5,8.65,0.085,0.085,2026-04-11T10:24:23,COMPLETED,Internal — Yield Engine,RETAIL,CLI-4056,,
TXN-1473,SAVINGS_ACCOUNT,0.69,11.86,0.085,0.085,2026-04-11T00:42:53,COMPLETED,Internal — Yield Engine,RETAIL,CLI-7131,,
TXN-1543,SAVINGS_ACCOUNT,0.21,3.61,0.085,0.085,2026-04-11T11:36:28,COMPLETED,Internal — Yield Engine,RETAIL,CLI-2442,,
TXN-1588,SAVINGS_ACCOUNT,0.63,10.89,0.085,0.085,2026-04-11T20:33:04,COMPLETED,Internal — Yield Engine,RETAIL,CLI-9276,,
TXN-1568,SAVINGS_ACCOUNT,0.61,10.54,0.085,0.085,2026-04-11T15:20:45,COMPLETED,Internal — Yield Engine,RETAIL,CLI-2890,,
TXN-1554,SAVINGS_ACCOUNT,0.24,4.07,0.085,0.085,2026-04-11T14:12:07,COMPLETED,Internal — Yield Engine,RETAIL,CLI-7437,,
TXN-1446,SAVINGS_ACCOUNT,1.01,17.41,0.085,0.085,2026-04-11T13:06:50,COMPLETED,Internal — Yield Engine,RETAIL,CLI-5687,,
TXN-1252,SWIFT_INTERNATIONAL,6608.65,113602.69,17.19,17.19,2026-04-10T11:00:00,DISPATCHED,BBVA Mexico,CORPORATE_T1,CLI-5026,,
TXN-1173,FX_TRANSFER,5715.76,98264.77,17.1919,17.19,2026-04-11T08:26:30,COMPLETED,Banorte,RETAIL,CLI-6573,,
TXN-1424,SAVINGS_ACCOUNT,0.8,13.69,0.085,0.085,2026-04-11T15:46:34,COMPLETED,Internal — Yield Engine,RETAIL,CLI-5346,,
TXN-1251,SWIFT_INTERNATIONAL,1868.59,32121.06,17.19,17.19,2026-04-10T09:00:00,COMPLETED,Banco Santander MX,CORPORATE_T1,CLI-7841,,
TXN-1379,CORPORATE_CARD,1232.1,21179.8,17.19,17.19,2026-04-11T17:09:05,COMPLETED,Holding Omega,CORPORATE_T2,CLI-7492,,
TXN-1534,SAVINGS_ACCOUNT,0.18,3.08,0.085,0.085,2026-04-11T09:20:00,COMPLETED,Internal — Yield Engine,RETAIL,CLI-9598,,
TXN-1508,SAVINGS_ACCOUNT,0.49,8.44,0.085,0.085,2026-04-11T14:49:34,COMPLETED,Internal — Yield Engine,RETAIL,CLI-1796,,
TXN-1507,SAVINGS_ACCOUNT,0.69,11.94,0.085,0.085,2026-04-11T08:23:45,COMPLETED,Internal — Yield Engine,RETAIL,CLI-1612,,
TXN-1300,CORPORATE_CARD,3784.89,65062.26,17.19,17.19,2026-04-11T13:44:36,COMPLETED,Holding Omega,CORPORATE_T2,CLI-7129,,
TXN-1482,SAVINGS_ACCOUNT,0.82,14.17,0.085,0.085,2026-04-11T08:34:40,COMPLETED,Internal — Yield Engine,RETAIL,CLI-8794,,
TXN-1169,FX_TRANSFER,6279.59,107925.43,17.1867,17.19,2026-04-11T19:09:10,COMPLETED,Scotiabank MX,CORPORATE_T2,CLI-6531,,
TXN-1212,FX_TRANSFER,10010.38,172080.43,17.1902,17.19,2026-04-11T06:42:06,COMPLETED,BBVA Mexico,RETAIL,CLI-8822,,
TXN-1373,CORPORATE_CARD,4877.86,83850.41,17.19,17.19,2026-04-11T06:06:32,COMPLETED,Grupo Delta,CORPORATE_T2,CLI-2226,,
TXN-1180,FX_TRANSFER,1081.21,18585.89,17.1899,17.19,2026-04-11T18:41:43,COMPLETED,Banorte,CORPORATE_T1,CLI-9793,,
TXN-1342,CORPORATE_CARD,2746.44,47211.3,17.19,17.19,2026-04-11T00:41:10,COMPLETED,Servicios Globales,CORPORATE_T2,CLI-4490,,
TXN-1115,FX_TRANSFER,7930.46,136288.13,17.1854,17.19,2026-04-11T15:28:33,COMPLETED,HSBC Mexico,CORPORATE_T2,CLI-3600,,
TXN-1438,SAVINGS_ACCOUNT,0.61,10.51,0.085,0.085,2026-04-11T18:51:36,COMPLETED,Internal — Yield Engine,RETAIL,CLI-3415,,
TXN-1520,SAVINGS_ACCOUNT,0.21,3.55,0.085,0.085,2026-04-11T15:57:16,COMPLETED,Internal — Yield Engine,RETAIL,CLI-4787,,
TXN-1302,CORPORATE_CARD,2517.3,43272.39,17.19,17.19,2026-04-11T09:58:05,COMPLETED,Corporativo ABC,CORPORATE_T1,CLI-6707,,
